WardNo,Registered,TotalBallots,ppmVoterTurnout,ppmDemPOTUS,ppmRepPOTUS,ppmDemAverage,ppmRepAverage,logitAverage,ppmDemMaxes,ppmRepMaxes,logitMaxes,ppmDemREPUS,ppmRepREPUS,ppmDemSenWi,ppmRepSenWi,ppmDemRepWi,ppmRepRepWi,ppmDemMinor,ppmRepMinor,WardName
   1,1502,1185, 788948, 821940, 160337, 802953, 152742, 483404, 851476, 153586, 482872, 806751, 151898, 851476,      0, 799156, 153586, 836286,      0,City of Milwaukee Ward 1
   2, 524, 358, 683206, 902234,  78212, 875697,  79608, 476020, 913407,  89385, 476757, 893854,  69832, 913407,      0, 857541,  89385, 865921,      0,City of Milwaukee Ward 2
   3,1119, 879, 785522, 816837, 166097, 781569, 144482, 483118, 835039, 147895, 482690, 790671, 147895, 835039,      0, 772468, 141069, 832764,      0,City of Milwaukee Ward 3
   4,1907,1473, 772417, 853360, 127630, 825865, 121181, 480808, 874405, 123557, 480431, 840461, 118805, 874405,      0, 811269, 123557, 860149,      0,City of Milwaukee Ward 4
   5, 974, 777, 797741, 849420, 131274, 837193, 129343, 481324, 879021, 137709, 481463, 842985, 120978, 879021,      0, 831402, 137709, 855855,      0,City of Milwaukee Ward 5
   6,2157,1777, 823829, 792346, 196961, 768148, 184017, 485710, 841868, 187394, 484975, 775464, 180641, 841868,      0, 760832, 187394, 839054,      0,City of Milwaukee Ward 6
   7, 745, 562, 754362, 708185, 281138, 685942, 265124, 490494, 772241, 266903, 489375, 701067, 263345, 768683,      0, 670818, 266903, 772241,      0,City of Milwaukee Ward 7
   8,1765,1484, 840793, 774932, 206199, 749326, 214959, 487512, 836253, 219676, 486632, 754043, 210242, 811994,      0, 744609, 219676, 836253,      0,City of Milwaukee Ward 8
   9, 876, 752, 858447, 841755, 152925, 819148, 137632, 482163, 845744, 143617, 482269, 839095, 131648, 845744,      0, 799202, 143617, 837765,      0,City of Milwaukee Ward 9
  10,1447,1176, 812715, 748299, 241496, 716411, 223639, 488357, 799319, 225340, 487338, 719387, 225340, 789965,      0, 713435, 221938, 799319,      0,City of Milwaukee Ward 10
  11,1298,1030, 793528, 816504, 165048, 802426, 149028, 483164, 842718, 151456, 482836, 816504, 146601, 838834,      0, 788349, 151456, 842718,      0,City of Milwaukee Ward 11
  12,1126, 811, 720248, 822441, 165228, 799630, 155363, 483616, 870530, 166461, 483456, 813810, 144266, 870530,      0, 785450, 166461, 853267,      0,City of Milwaukee Ward 12
  13, 699, 517, 739628, 746615, 235976, 741779, 217601, 487736, 812379, 232108, 487472, 764023, 203094, 812379,      0, 719535, 232108, 791102,      0,City of Milwaukee Ward 13
  14,1341,1012, 754660, 918972,  70158, 895256,  68181, 474250, 926877,  83992, 475989, 925889,  52371, 926877,      0, 864624,  83992, 900197,      0,City of Milwaukee Ward 14
  15, 878, 768, 874715, 696614, 283854, 666666, 290364, 491688, 731770, 302083, 491152, 680989, 278645, 730468,      0, 652343, 302083, 731770,      0,City of Milwaukee Ward 15
  16,1768,1384, 782805, 875000, 111271, 842846, 110187, 479653, 879335, 123554, 480375, 856936,  96820, 879335,      0, 828757, 123554, 865606,      0,City of Milwaukee Ward 16
  17, 735, 615, 836734, 775609, 203252, 756097, 195934, 486496, 824390, 208130, 486235, 765853, 183739, 817886,      0, 746341, 208130, 824390,      0,City of Milwaukee Ward 17
  18,1079, 873, 809082, 846506, 143184, 816723, 149484, 483018, 870561, 160366, 483083, 838487, 138602, 870561,      0, 794959, 160366, 860252,      0,City of Milwaukee Ward 18
  19, 891, 660, 740740, 834848, 150000, 806060, 133333, 482006, 856060, 140909, 481957, 825757, 125757, 856060,      0, 786363, 140909, 828787,      0,City of Milwaukee Ward 19
  20,1122, 901, 803030, 887902, 103218, 856825, 102663, 478782, 896781, 117647, 479688, 886792,  87680, 896781,      0, 826859, 117647, 864594,      0,City of Milwaukee Ward 20
  21,1081, 809, 748381, 914709,  71693, 891223,  71074, 474711, 938195,  77873, 475111, 903584,  64276, 938195,      0, 878862,  77873, 908529,      0,City of Milwaukee Ward 21
  22, 991, 707, 713420, 865629, 114568, 842998, 118811, 480405, 889674, 118811, 479866, 852899, 118811, 889674,      0, 833097, 118811, 879773,      0,City of Milwaukee Ward 22
  23, 450, 303, 673333, 864686, 112211, 821782, 115511, 480378, 874587, 135313, 481338, 841584,  95709, 874587,      0, 801980, 135313, 858085,      0,City of Milwaukee Ward 23
  24, 609, 352, 577996, 886363,  93750, 848011,  76704, 475970, 883522,  90909, 477259, 883522,  62500, 883522,      0, 812500,  90909, 855113,      0,City of Milwaukee Ward 24
  25,1004, 695, 692231, 870503, 119424, 835970, 108632, 479593, 867625, 116546, 479925, 861870, 100719, 867625,      0, 810071, 116546, 833093,      0,City of Milwaukee Ward 25
  26, 886, 703, 793453, 863442, 113798, 834281, 100284, 478814, 894736, 118065, 479747, 860597,  82503, 894736,      0, 807965, 118065, 876244,      0,City of Milwaukee Ward 26
  27, 800, 625, 781250, 812800, 174400, 802400, 141600, 482653, 878400, 148800, 482245, 820800, 134400, 878400,      0, 784000, 148800, 832000,      0,City of Milwaukee Ward 27
  28, 353, 236, 668555, 868644, 114406, 830508, 114406, 480177, 881355, 131355, 480964, 847457,  97457, 881355,      0, 813559, 131355, 868644,      0,City of Milwaukee Ward 28
  29, 460, 338, 734782, 866863, 115384, 865384, 107987, 479188, 928994, 109467, 478615, 872781, 106508, 928994,      0, 857988, 109467, 911242,      0,City of Milwaukee Ward 29
  30, 950, 659, 693684, 851289, 133535, 820940, 113049, 480173, 854324, 115326, 479974, 830045, 110773, 854324,      0, 811836, 115326, 833080,      0,City of Milwaukee Ward 30
  31, 866, 665, 767898, 887218, 105263, 861654,  99999, 478463, 899248, 105263, 478549, 867669, 105263, 887218,      0, 855639,  94736, 899248,      0,City of Milwaukee Ward 31
  32,1857,1482, 798061, 826585, 151147, 813090, 136639, 482165, 864372, 141700, 481917, 824561, 131578, 864372,      0, 801619, 141700, 844804,      0,City of Milwaukee Ward 32
  33,2395,2043, 853027, 648066, 334801, 631913, 333333, 493603, 753793, 523739, 496358, 633871, 325012, 629955, 341654,      0, 523739, 753793,      0,City of Milwaukee Ward 33
  34,1426,1145, 802945, 744978, 229694, 721833, 236681, 488849, 802620, 466375, 494571, 724890, 224454, 718777, 248908,      0, 466375, 802620,      0,City of Milwaukee Ward 34
  35,1071, 869, 811391, 705408, 277330, 661679, 266398, 490902, 776754, 268124, 489363, 672036, 264672, 749136,      0, 651323, 268124, 776754,      0,City of Milwaukee Ward 35
  36, 978, 796, 813905, 863065, 119346, 853643, 105527, 479094, 893216, 106783, 478759, 854271, 106783, 893216,      0, 853015, 104271, 883165,      0,City of Milwaukee Ward 36
  37, 965, 657, 680829, 882800,  97412, 850836,  98173, 478405, 876712, 100456, 478335, 867579,  95890, 876712,      0, 834094, 100456, 855403,      0,City of Milwaukee Ward 37
  38, 749, 538, 718291, 914498,  76208, 891263,  77137, 475529, 908921,  78066, 475452, 901486,  78066, 908921,      0, 881040,  76208, 895910,      0,City of Milwaukee Ward 38
  39, 885, 682, 770621, 832844, 153958, 804985, 146627, 482970, 851906, 151026, 482699, 819648, 142228, 851906,      0, 790322, 151026, 847507,      0,City of Milwaukee Ward 39
  40, 861, 635, 737514, 913385,  77165, 896850,  64566, 473687, 914960,  66141, 473729, 903937,  62992, 914960,      0, 889763,  66141, 900787,      0,City of Milwaukee Ward 40
  41, 860, 627, 729069, 912280,  81339, 877990,  74162, 475286, 918660,  82934, 475951, 894736,  65390, 918660,      0, 861244,  82934, 901116,      0,City of Milwaukee Ward 41
  42,1145, 890, 777292, 911235,  75280, 898876,  70224, 474505, 919101,  79775, 475558, 908988,  60674, 919101,      0, 888764,  79775, 910112,      0,City of Milwaukee Ward 42
  43, 446, 254, 569506, 925196,  66929, 899605,  57086, 472426, 921259,  74803, 474891, 917322,  39370, 921259,      0, 881889,  74803, 897637,      0,City of Milwaukee Ward 43
  44,1152, 902, 782986, 891352,  89800, 898373,  71692, 474717, 910199,  79822, 475661, 895787,  70953, 910199,  64301, 889135,  79822, 900221,      0,City of Milwaukee Ward 44
  45,1185, 871, 735021, 885189,  92996, 858782,  89552, 477393, 903559,  98737, 477861, 879448,  80367, 903559,      0, 838117,  98737, 882893,      0,City of Milwaukee Ward 45
  46, 665, 489, 735338, 912065,  69529, 898772,  73619, 474978, 924335,  79754, 475498, 916155,  67484, 924335,      0, 881390,  79754, 893660,      0,City of Milwaukee Ward 46
  47,1135, 849, 748017, 922261,  56537, 892226,  61837, 473307, 917550,  70671, 474363, 917550,  53003, 917550,      0, 866902,  70671, 896348,      0,City of Milwaukee Ward 47
  48, 553, 423, 764918, 903073,  82742, 867612,  87470, 477055, 907801,  94562, 477382, 874704,  80378, 907801,      0, 860520,  94562, 895981,      0,City of Milwaukee Ward 48
  49, 776, 568, 731958, 917253,  68661, 884682,  73063, 475060, 915492,  91549, 476974, 910211,  54577, 915492,      0, 859154,  91549, 894366,      0,City of Milwaukee Ward 49
  50, 719, 526, 731571, 897338,  93155, 869771,  84600, 476697, 904942,  96958, 477664, 891634,  72243, 904942,      0, 847908,  96958, 874524,      0,City of Milwaukee Ward 50
  51, 703, 506, 719772, 932806,  49407, 902173,  42489, 469444, 924901,  61264, 472855, 924901,  23715, 918972,      0, 879446,  61264, 897233,      0,City of Milwaukee Ward 51
  52,1049, 700, 667302, 918571,  64285, 896428,  64999, 473759, 934285,  65714, 473455, 910000,  64285, 934285,      0, 882857,  65714, 912857,      0,City of Milwaukee Ward 52
  53, 475, 387, 814736, 899224,  82687, 865632,  83979, 476671, 896640,  98191, 477882, 891472,  69767, 896640,      0, 839793,  98191, 891472,      0,City of Milwaukee Ward 53
  54, 608, 432, 710526, 951388,  25462, 960648,  20833, 461689, 960648,  20833, 461689, 960648,  20833, 932870,      0, 912037,      0, 895833,      0,City of Milwaukee Ward 54
  55,1312,1041, 793445, 813640, 165225, 804034, 157540, 483700, 833813, 157540, 483336, 804034, 157540, 833813,      0, 804034,      0, 803073,      0,City of Milwaukee Ward 55
  56, 823, 650, 789793, 949230,  41538, 949230,  27692, 464654, 949230,  27692, 464654, 949230,  27692, 940000,      0, 896923,      0, 876923,      0,City of Milwaukee Ward 56
  57,1072, 824, 768656, 956310,  25485, 941747,  25485, 463903, 941747,  25485, 463903, 941747,  25485, 934466,      0, 904126,      0, 893203,      0,City of Milwaukee Ward 57
  58, 788, 640, 812182, 940625,  39062, 946875,  25000, 463657, 946875,  25000, 463657, 946875,  25000, 939062,      0, 912500,      0, 885937,      0,City of Milwaukee Ward 58
  59,1550,1172, 756129, 951365,  37542, 953924,  27303, 464464, 953924,  27303, 464464, 953924,  27303, 935153,      0, 913822,      0, 893344,      0,City of Milwaukee Ward 59
  60,1071, 765, 714285, 962091,  30065, 950326,  19607, 461190, 950326,  19607, 461190, 950326,  19607, 939869,      0, 898039,      0, 888888,      0,City of Milwaukee Ward 60
  61, 943, 674, 714740, 955489,  32640, 942136,  28189, 464907, 942136,  28189, 464907, 942136,  28189, 921364,      0, 872403,      0, 872403,      0,City of Milwaukee Ward 61
  62, 782, 544, 695652, 939338,  42279, 941176,  23897, 463266, 948529,  23897, 463188, 941176,  23897, 948529,      0, 867647,      0, 886029,      0,City of Milwaukee Ward 62
  63, 740, 537, 725675, 944134,  37243, 953445,  20484, 461595, 953445,  20484, 461595, 953445,  20484, 940409,      0, 884543,      0, 884543,      0,City of Milwaukee Ward 63
  64,1600,1203, 751875, 942643,  44887, 926295,  36851, 467756, 936824,  47381, 470157, 936824,  31587, 932668,  31587, 909393,  47381, 912718,      0,City of Milwaukee Ward 64
  65,1233, 981, 795620, 952089,  38735, 928983,  38396, 468138, 942915,  44852, 469543, 942915,  33639, 939857,  36697, 904179,  44852, 922528,      0,City of Milwaukee Ward 65
  66, 775, 568, 732903, 943661,  38732, 938966,  31102, 465924, 950704,  42253, 468864, 943661,  26408, 950704,  24647, 922535,  42253, 917253,      0,City of Milwaukee Ward 66
  67, 707, 525, 742574, 946666,  36190, 936507,  38729, 468144, 958095,  55238, 471467, 933333,  32380, 958095,  28571, 918095,  55238, 921904,      0,City of Milwaukee Ward 67
  68,1299, 978, 752886, 865030, 108384, 870824,  79413, 476052, 886503,  87934, 476893, 886503,  73619, 876278,  76687, 849693,  87934, 885480,      0,City of Milwaukee Ward 68
  69,1033, 800, 774443, 933750,  50000, 931250,  42916, 469227, 940000,  46250, 469881, 940000,  42500, 928750,  40000, 925000,  46250, 916250,      0,City of Milwaukee Ward 69
  70,1466,1147, 782401, 923278,  68003, 917174,  55216, 471899, 922406,  58413, 472405, 913687,  53182, 922406,  54054, 915431,  58413, 913687,      0,City of Milwaukee Ward 70
  71, 838, 671, 800715, 921013,  71535, 923496,  61599, 472924, 929955,  70044, 474139, 929955,  56631, 928464,  58122, 912071,  70044, 925484,      0,City of Milwaukee Ward 71
  72,1125, 923, 820444, 910075,  80173, 906102,  66810, 473927, 914409,  73672, 474813, 912242,  62838, 914409,  63921, 891657,  73672, 907908,      0,City of Milwaukee Ward 72
  73,1245, 980, 787148, 887755,  93877, 869047,  89115, 477225, 881632,  93877, 477602, 881632,  85714, 874489,  87755, 851020,  93877, 871428,      0,City of Milwaukee Ward 73
  74, 785, 665, 847133, 897744,  93233, 886215,  84711, 476522, 891729,  91729, 477256, 887218,  82706, 891729,  79699, 879699,  91729, 891729,      0,City of Milwaukee Ward 74
  75, 855, 688, 804678, 821220, 165697, 802325, 168604, 484400, 861918, 175872, 484105, 806686, 164244, 808139, 165697, 792151, 175872, 861918,      0,City of Milwaukee Ward 75
  76, 851, 664, 780258, 891566,  85843, 883533,  90361, 477198, 906626,  96385, 477586, 894578,  87349, 885542,  87349, 870481,  96385, 906626,      0,City of Milwaukee Ward 76
  77, 761, 621, 816031, 834138, 154589, 818035, 148684, 482949, 879227, 149758, 482299, 822866, 149758, 822866, 148148, 808373, 148148, 879227,      0,City of Milwaukee Ward 77
  78,1321,1044, 790310, 843869, 138888, 823754, 131225, 481630, 871647, 132183, 481138, 834291, 132183, 871647,      0, 813218, 130268, 860153,      0,City of Milwaukee Ward 78
  79,1350,1111, 822962, 836183, 145814, 810530, 145814, 482846, 855985, 149414, 482544, 821782, 142214, 855985,      0, 799279, 149414, 848784,      0,City of Milwaukee Ward 79
  80,1790,1478, 825698, 725304, 256427, 696210, 251014, 489798, 782138, 252368, 488688, 698917, 249661, 774018,      0, 693504, 252368, 782138,      0,City of Milwaukee Ward 80
  81, 740, 636, 859459, 603773, 361635, 570754, 372641, 495736, 742138, 375786, 493194, 573899, 369496, 704402,      0, 567610, 375786, 742138,      0,City of Milwaukee Ward 81
  82, 945, 845, 894179, 624852, 356213, 588757, 375147, 495493, 750295, 381065, 493225, 581065, 369230,      0,      0, 596449, 381065, 750295,      0,City of Milwaukee Ward 82
  83,1157,1011, 873811, 654797, 319485, 607648, 352456, 494553, 791295, 360039, 492125, 607319, 350148, 618199, 347181, 597428, 360039, 791295,      0,City of Milwaukee Ward 83
  84, 826, 711, 860774, 654008, 315049, 615564, 332395, 493837, 779184, 348804, 491962, 617440, 320675, 630098, 327707, 599156, 348804, 779184,      0,City of Milwaukee Ward 84
  85,1109, 948, 854824, 657172, 318565, 626581, 332278, 493656, 782700, 336497, 491558, 608649, 328059,      0,      0, 644514, 336497, 782700,      0,City of Milwaukee Ward 85
  86,1065, 927, 870422, 678532, 295577, 656418, 312836, 492588, 796116, 316073, 490762, 642934, 316073,      0,      0, 669902, 309600, 796116,      0,City of Milwaukee Ward 86
  87, 689, 594, 862119, 730639, 252525, 689393, 274410, 490788, 801346, 276094, 489344, 676767, 276094,      0,      0, 702020, 272727, 801346,      0,City of Milwaukee Ward 87
  88, 928, 804, 866379, 752487, 227611, 725124, 245439, 489167, 824626, 257462, 488359, 728855, 235074, 731343, 243781, 715174, 257462, 824626,      0,City of Milwaukee Ward 88
  89,1175,1012, 861276, 737154, 242094, 706521, 254281, 489780, 815217, 262845, 488681, 707509, 250000, 714426, 250000, 697628, 262845, 815217,      0,City of Milwaukee Ward 89
  90,1135, 966, 851101, 758799, 224637, 740165, 223947, 488045, 840579, 233954, 487210, 742236, 219461, 751552, 218426, 726708, 233954, 840579,      0,City of Milwaukee Ward 90
  91,1650,1289, 781212, 885182,  99301, 868114,  92577, 477617, 897595, 100853, 478139, 868890,  89216, 877424,  87664, 858029, 100853, 897595,      0,City of Milwaukee Ward 91
  92,1606,1346, 838107, 785289, 193164, 758791, 207527, 487035, 839524, 219910, 486603, 763001, 196879, 768945, 205794, 744427, 219910, 839524,      0,City of Milwaukee Ward 92
  93, 765, 678, 886274, 730088, 250737, 693952, 272123, 490638, 806784, 275811, 489266, 679941, 268436,      0,      0, 707964, 275811, 806784,      0,City of Milwaukee Ward 93
  94, 609, 446, 732348, 930493,  51569, 903586,  55305, 472064, 919282,  58295, 472419, 919282,  58295, 910313,  49327, 881165,  58295, 901345,      0,City of Milwaukee Ward 94
  95, 664, 543, 817771, 917127,  81031, 891958,  65070, 473820, 900552,  68139, 474185, 896869,  62615, 900552,  64456, 878453,  68139, 891344,      0,City of Milwaukee Ward 95
  96,1201, 977, 813488, 872057, 120777, 841009, 134083, 481638, 876151, 153531, 482583, 856704, 124872, 848515, 123848, 817809, 153531, 876151,      0,City of Milwaukee Ward 96
  97,1144, 937, 819055, 758804, 221985, 726787, 240127, 488925, 800426, 280683, 489520, 739594, 225186, 755602, 214514, 685165, 280683, 800426,      0,City of Milwaukee Ward 97
  98, 803, 663, 825653, 933634,  48265, 931120,  43740, 469418, 945701,  54298, 471425, 945701,  42232, 935143,  34690, 912518,  54298, 929110,      0,City of Milwaukee Ward 98
  99,1291,1042, 807126, 900191,  91170, 893474,  85732, 476561, 903071,  93090, 477277, 890595,  84452, 903071,  79654, 886756,  93090, 890595,      0,City of Milwaukee Ward 99
 100, 801, 620, 774032, 924193,  54838, 918548,  49999, 470892, 922580,  51612, 471165, 922580,  51612, 914516,  48387, 900000,      0, 896774,      0,City of Milwaukee Ward 100
 101,1199, 927, 773144, 952535,  30204, 949298,  20496, 461645, 951456,  20496, 461622, 947141,  20496, 951456,  20496, 900755,      0, 907227,      0,City of Milwaukee Ward 101
 102,1394,1135, 814203, 935682,  50220, 930396,  44492, 469596, 937444,  45814, 469814, 937444,  43171, 923348,  45814, 898678,      0, 894273,      0,City of Milwaukee Ward 102
 103,1726,1256, 727694, 913216,  74840, 912818,  60509, 472862, 915605,  63694, 473345, 910031,  63694, 915605,  57324, 891719,      0, 881369,      0,City of Milwaukee Ward 103
 104,1468,1019, 694141, 949950,  32384, 949459,  23552, 463033, 949950,  24533, 463436, 948969,  24533, 949950,  22571, 903827,      0, 903827,      0,City of Milwaukee Ward 104
 105, 627, 434, 692185, 947004,  32258, 944700,  26497, 464261, 951612,  27649, 464614, 951612,  25345, 937788,  27649, 894009,      0, 912442,      0,City of Milwaukee Ward 105
 106, 562, 328, 583629, 935975,  33536, 928353,  35060, 467236, 939024,  42682, 469089, 917682,  42682, 939024,  27439, 890243,      0, 926829,      0,City of Milwaukee Ward 106
 107, 829, 608, 733413, 967105,  16447, 966282,  13157, 457034, 972039,  14802, 458153, 960526,  14802, 972039,  11513, 925986,      0, 935855,      0,City of Milwaukee Ward 107
 108, 862, 616, 714617, 935064,  42207, 929382,  25973, 464225, 938311,  30844, 465848, 938311,  30844, 920454,  21103, 891233,      0, 896103,      0,City of Milwaukee Ward 108
 109, 959, 638, 665276, 962382,  28213, 944357,  22726, 462730, 946708,  23510, 463044, 946708,  23510, 942006,  21943, 894984,      0, 905956,      0,City of Milwaukee Ward 109
 110, 540, 341, 631481, 950146,  32258, 951612,  21994, 462326, 961876,  32258, 466048, 941348,  32258, 961876,  11730, 909090,      0, 923753,      0,City of Milwaukee Ward 110
 111, 760, 483, 635526, 954451,  31055, 928571,  26915, 464590, 929606,  26915, 464579, 929606,  26915, 927536,  26915, 879917,      0, 906832,      0,City of Milwaukee Ward 111
 112, 858, 602, 701631, 958471,  29900, 938538,  23255, 463021, 938538,  23255, 463021, 938538,  23255, 905315,      0, 857142,      0, 847176,      0,City of Milwaukee Ward 112
 113, 732, 511, 698087, 943248,  43052, 947162,  17612, 460151, 947162,  17612, 460151, 947162,  17612, 933463,      0, 919765,      0, 913894,      0,City of Milwaukee Ward 113
 114, 671, 495, 737704, 949494,  32323, 937373,  24242, 463450, 939393,  24242, 463428, 937373,  24242, 939393,      0, 905050,      0, 874747,      0,City of Milwaukee Ward 114
 115,1114, 817, 733393, 965728,  23255, 958384,  13463, 457346, 958384,  13463, 457346, 958384,  13463, 938800,      0, 886168,      0, 883720,      0,City of Milwaukee Ward 115
 116, 611, 410, 671031, 963414,  24390, 948780,  12195, 456458, 948780,  12195, 456458, 948780,  12195, 946341,      0, 890243,      0, 875609,      0,City of Milwaukee Ward 116
 117, 712, 483, 678370, 962732,  18633, 948240,  16563, 459525, 948240,  16563, 459525, 948240,  16563, 933747,      0, 861283,      0, 859213,      0,City of Milwaukee Ward 117
 118, 807, 572, 708798, 942307,  41958, 933566,  31468, 466099, 942307,  31468, 466006, 933566,  31468, 942307,      0, 893356,      0, 882867,      0,City of Milwaukee Ward 118
 119, 831, 574, 690734, 958188,  29616, 942508,  27874, 464791, 952961,  27874, 464681, 942508,  27874, 952961,      0, 914634,      0, 890243,      0,City of Milwaukee Ward 119
 120, 738, 473, 640921, 945031,  42283, 938689,  35940, 467373, 947145,  35940, 467283, 938689,  35940, 947145,      0, 887949,      0, 894291,      0,City of Milwaukee Ward 120
 121, 918, 655, 713507, 934351,  50381, 937404,  27480, 464703, 937404,  27480, 464703, 937404,  27480, 926717,      0, 888549,      0, 870229,      0,City of Milwaukee Ward 121
 122,1007, 670, 665342, 940298,  49253, 922388,  43283, 469407, 929850,  43283, 469327, 922388,  43283, 929850,      0, 907462,      0, 902985,      0,City of Milwaukee Ward 122
 123,1265, 905, 715415, 895027,  83977, 875138,  66298, 474197, 890607,  66298, 474022, 875138,  66298, 890607,      0, 886187,      0, 871823,      0,City of Milwaukee Ward 123
 124, 793, 608, 766708, 886513,  85526, 861842,  93750, 477815, 894736,  93750, 477441, 861842,  93750, 894736,      0, 878289,      0, 875000,      0,City of Milwaukee Ward 124
 125,1376,1150, 835755, 880000, 105217, 858260, 100869, 478589, 858260, 100869, 478589, 858260, 100869, 843478,      0, 843478,      0, 835652,      0,City of Milwaukee Ward 125
 126,1065, 908, 852582, 897577,  80396, 869493,  78744, 475982, 872246,  79295, 476021, 866740,  78193,      0,      0, 872246,  79295, 871145,      0,City of Milwaukee Ward 126
 127,1499,1247, 831887, 814755, 167602, 785485, 172413, 484835, 878107, 173215, 483767, 776263, 171611,      0,      0, 794707, 173215, 878107,      0,City of Milwaukee Ward 127
 128,1693,1319, 779090, 800606, 172100, 772554, 180818, 485477, 853677, 181956, 484542, 764973, 179681,      0,      0, 780136, 181956, 853677,      0,City of Milwaukee Ward 128
 129,1174, 989, 842419, 817997, 163801, 769463, 184023, 485693, 824064, 189079, 485279, 765419, 189079,      0,      0, 773508, 178968, 824064,      0,City of Milwaukee Ward 129
 130, 794, 352, 443324, 758522, 221590, 713067, 237215, 488993, 894886, 244318, 487017, 701704, 230113,      0,      0, 724431, 244318, 894886,      0,City of Milwaukee Ward 130
 131,1306,1145, 876722, 754585, 233187, 699999, 252401, 489799, 770305, 254148, 488911, 691703, 254148,      0,      0, 708296, 250655, 770305,      0,City of Milwaukee Ward 131
 132,1915,1637, 854830, 766646, 219303, 708002, 241295, 489235, 775809, 241295, 488321, 706780, 241295,      0,      0, 709224, 241295, 775809,      0,City of Milwaukee Ward 132
 133,1085, 830, 764976, 855421, 120481, 823493, 130722, 481595, 862650, 134939, 481448, 815662, 134939,      0,      0, 831325, 126506, 862650,      0,City of Milwaukee Ward 133
 134,1150, 910, 791304, 834065, 128571, 816483, 140109, 482374, 851648, 141758, 482069, 815384, 138461,      0,      0, 817582, 141758, 851648,      0,City of Milwaukee Ward 134
 135,1529,1278, 835840, 841940, 128325, 810250, 142800, 482641, 877151, 143974, 481929, 798904, 141627,      0,      0, 821596, 143974, 877151,      0,City of Milwaukee Ward 135
 136,1213, 889, 732893, 830146, 136107, 803711, 151293, 483299, 848143, 156355, 483090, 800899, 146231,      0,      0, 806524, 156355, 848143,      0,City of Milwaukee Ward 136
 137, 841, 659, 783590, 846737, 125948, 830803, 132776, 481662, 852807, 139605, 481902, 823975, 125948,      0,      0, 837632, 139605, 852807,      0,City of Milwaukee Ward 137
 138,2463,1942, 788469, 912976,  66426, 898557,  70030, 474481, 903707,  72090, 474714, 893408,  67971, 903707,  72090, 848094,      0, 876416,      0,City of Milwaukee Ward 138
 139,1726,1311, 759559, 897787,  75514, 877192,  88862, 477103, 883295,  92295, 477413, 871090,  85430, 883295,  92295, 836765,      0, 865751,      0,City of Milwaukee Ward 139
 140, 572, 373, 652097, 919571,  67024, 876675,  40214, 469180, 876675,  40214, 469180, 876675,  40214, 873994,      0, 820375,      0, 825737,      0,City of Milwaukee Ward 140
 141, 771, 570, 739299, 931578,  49122, 920175,  45613, 469956, 921052,  47368, 470324, 919298,  43859, 921052,  47368, 889473,      0, 894736,      0,City of Milwaukee Ward 141
 142, 833, 631, 757503, 947702,  33280, 930269,  32487, 466453, 930269,  33280, 466694, 930269,  31695, 930269,  33280, 881141,      0, 916006,      0,City of Milwaukee Ward 142
 143, 655, 470, 717557, 953191,  38297, 938297,  25531, 463958, 940425,  25531, 463935, 936170,  25531, 940425,  25531, 885106,      0, 906382,      0,City of Milwaukee Ward 143
 144, 531, 350, 659133, 954285,  17142, 945714,  21428, 462127, 948571,  22857, 462743, 948571,  22857, 942857,  20000, 868571,      0, 905714,      0,City of Milwaukee Ward 144
 145, 322, 213, 661490, 938967,  23474, 950703,  14084, 457878, 957746,  18779, 460681, 957746,   9389, 943661,  18779, 887323,      0, 915492,      0,City of Milwaukee Ward 145
 146, 276, 188, 681159, 952127,  31914, 941489,  15957, 459224, 941489,  15957, 459224, 941489,  15957, 925531,      0, 867021,      0, 872340,      0,City of Milwaukee Ward 146
 147,1119, 730, 652368, 958904,  31506, 936301,  21232, 462135, 936986,  28767, 465165, 936986,  28767, 935616,  13698, 890410,      0, 890410,      0,City of Milwaukee Ward 147
 148, 798, 554, 694235, 945848,  39711, 942238,  28880, 465148, 942238,  32490, 466326, 942238,  32490, 942238,  25270, 891696,      0, 898916,      0,City of Milwaukee Ward 148
 149,1008, 675, 669642, 936296,  50370, 928148,  42962, 469271, 936296,  45925, 469850, 920000,  45925, 936296,  40000, 872592,      0, 899259,      0,City of Milwaukee Ward 149
 150, 848, 594, 700471, 930976,  53872, 905723,  47979, 470620, 910774,  48821, 470738, 910774,  48821, 900673,  47138, 840067,      0, 875420,      0,City of Milwaukee Ward 150
 151, 581, 414, 712564, 944444,  36231, 934782,  35023, 467156, 939613,  38647, 468090, 929951,  38647, 939613,  31400, 850241,      0, 874396,      0,City of Milwaukee Ward 151
 152, 553, 357, 645569, 929971,  53221, 901960,  44817, 469980, 901960,  44817, 469980, 901960,  44817, 901960,  44817, 862745,      0, 882352,      0,City of Milwaukee Ward 152
 153, 871, 671, 770378, 929955,  56631, 923993,  49180, 470667, 929955,  53651, 471473, 918032,  53651, 929955,  44709, 888226,      0, 879284,      0,City of Milwaukee Ward 153
 154, 756, 523, 691798, 929254,  49713, 918737,  49713, 470832, 925430,  55449, 471852, 925430,  43977, 912045,  55449, 894837,      0, 891013,      0,City of Milwaukee Ward 154
 155, 717, 472, 658298, 917372,  63559, 890889,  58262, 472727, 900423,  59322, 472801, 900423,  57203, 881355,  59322, 851694,      0, 864406,      0,City of Milwaukee Ward 155
 156,1027, 697, 678675, 912482,  71736, 905308,  60258, 472903, 906743,  65997, 473797, 903873,  54519, 906743,  65997, 899569,      0, 895265,      0,City of Milwaukee Ward 156
 157, 696, 503, 722701, 882703,  91451, 863816, 100397, 478477, 866799, 105367, 478926, 860834, 105367, 866799,  95427, 866799,      0, 833001,      0,City of Milwaukee Ward 157
 158, 625, 459, 734400, 934640,  45751, 932461,  40304, 468586, 932461,  43572, 469365, 932461,  43572, 932461,  37037, 912854,      0, 888888,      0,City of Milwaukee Ward 158
 159, 617, 452, 732576, 884955,  99557, 880530,  89601, 477148, 889380,  92920, 477412, 871681,  86283, 889380,  92920, 869469,      0, 860619,      0,City of Milwaukee Ward 159
 160, 772, 554, 717616, 958483,  25270, 948555,  23465, 463005, 958483,  25270, 463642, 958483,  21660, 938628,  25270, 947653,      0, 918772,      0,City of Milwaukee Ward 160
 161, 248, 190, 766129, 952631,  36842, 938596,  26315, 464257, 963157,  36842, 467364, 963157,  21052, 936842,  21052, 915789,  36842, 921052,      0,City of Milwaukee Ward 161
 162, 509, 349, 685658, 916905,  74498, 890161,  59216, 472897, 893982,  63037, 473480, 893982,  57306, 893982,  57306, 882521,  63037, 879656,      0,City of Milwaukee Ward 162
 163, 873, 617, 706758, 933549,  56726, 904915,  49162, 470872, 923824,  55105, 471807, 905996,  48622, 923824,  43760, 884927,  55105, 905996,      0,City of Milwaukee Ward 163
 164,1036, 794, 766409, 876574, 115869, 848446, 108312, 479416, 874055, 115869, 479793, 858942, 103274, 846347, 105793, 840050, 115869, 874055,      0,City of Milwaukee Ward 164
 165,1015, 773, 761576, 805950, 177231, 799913, 158688, 483824, 849935, 169469, 483875, 793014, 152652, 816300, 153945, 790426, 169469, 849935,      0,City of Milwaukee Ward 165
 166, 401, 318, 793017, 871069, 106918, 836477, 127882, 481219, 899371, 141509, 481506, 833333, 119496, 855345, 122641, 820754, 141509, 899371,      0,City of Milwaukee Ward 166
 167, 980, 815, 831632, 808588, 165644, 799999, 168711, 484435, 857668, 170552, 483848, 790184, 170552, 809815, 166871, 857668,      0, 842944,      0,City of Milwaukee Ward 167
 168,1754,1503, 856898, 801064, 176314, 769793, 195608, 486299, 842315, 198935, 485568, 759813, 198935, 779773, 192282, 842315,      0, 818363,      0,City of Milwaukee Ward 168
 169, 698, 447, 640401, 908277,  78299, 900447,  54809, 472009, 903803,  58165, 472566, 897091,  51454, 903803,  58165, 870246,      0, 870246,      0,City of Milwaukee Ward 169
 170, 531, 375, 706214, 845333, 133333, 883999,  63999, 473744, 909333,  66666, 473869, 882666,  61333, 885333,  66666, 845333,      0, 909333,      0,City of Milwaukee Ward 170
 171, 237, 147, 620253, 727891, 244897, 802720, 105441, 479701, 823129, 129251, 481486, 816326,  81632, 789115, 129251, 823129,      0, 802721,      0,City of Milwaukee Ward 171
 172, 628, 436, 694267, 915137,  68807, 901375,  47018, 470466, 910550,  48165, 470605, 910550,  48165, 892201,  45871, 816513,      0, 834862,      0,City of Milwaukee Ward 172
 173, 782, 598, 764705, 948160,  36789, 938126,  26755, 464428, 939799,  28428, 465017, 939799,  28428, 936454,  25083, 901337,      0, 904682,      0,City of Milwaukee Ward 173
 174,1122, 833, 742424, 933973,  46818, 929171,  36013, 467495, 929171,  37214, 467823, 929171,  34813, 929171,  37214, 902761,      0, 908763,      0,City of Milwaukee Ward 174
 175, 729, 574, 787379, 909407,  76655, 885017,  74041, 475190, 891986,  76655, 475458, 891986,  76655, 878048,  71428, 857142,      0, 874564,      0,City of Milwaukee Ward 175
 176, 972, 713, 733539, 936886,  50490, 905329,  47685, 470563, 906030,  47685, 470555, 906030,  47685, 904628,  47685, 863955,      0, 873772,      0,City of Milwaukee Ward 176
 177,2673,2187, 818181, 817101, 160951, 779606, 187471, 485748, 841335, 192501, 485251, 775491, 182441, 783721, 192501, 757658,      0, 841335,      0,City of Milwaukee Ward 177
 178,2062,1732, 839961, 793302, 180138, 750288, 202078, 486881, 836027, 206120, 485997, 744226, 198036,      0,      0, 756351, 206120, 836027,      0,City of Milwaukee Ward 178
 179,2013,1560, 774962, 857051, 125000, 813461, 141345, 482499, 854487, 145512, 482297, 814743, 137179,      0,      0, 812179, 145512, 854487,      0,City of Milwaukee Ward 179
 180,1493,1190, 797052, 802521, 181512, 744537, 207982, 487246, 828571, 209243, 486237, 742857, 209243,      0,      0, 746218, 206722, 828571,      0,City of Milwaukee Ward 180
 181,2012,1657, 823558, 777308, 201569, 716957, 231442, 488693, 796620, 236572, 487858, 715147, 226312,      0,      0, 718768, 236572, 796620,      0,City of Milwaukee Ward 181
 182,2064,1628, 788759, 815724, 159090, 772112, 179667, 485419, 858108, 180589, 484414, 765970, 178746,      0,      0, 778255, 180589, 858108,      0,City of Milwaukee Ward 182
 183,3071,2456, 799739, 780944, 196254, 718444, 235952, 488865, 818811, 240228, 487737, 717426, 231677,      0,      0, 719462, 240228, 818811,      0,City of Milwaukee Ward 183
 184,1842,1509, 819218, 732935, 240556, 694830, 248508, 489718, 774022, 249171, 488665, 691848, 247846,      0,      0, 697813, 249171, 774022,      0,City of Milwaukee Ward 184
 185,2603,2015, 774106, 759801, 209429, 701736, 254342, 489851, 821339, 265012, 488688, 703225, 243672,      0,      0, 700248, 265012, 821339,      0,City of Milwaukee Ward 185
 186,3072,2544, 828125, 705581, 273584, 636006, 320361, 493142, 777515, 320754, 491145, 631289, 319968,      0,      0, 640723, 320754, 777515,      0,City of Milwaukee Ward 186
 187, 939, 735, 782747, 779591, 200000, 724489, 239455, 488928, 861224, 239455, 487200, 714285, 239455, 734693, 239455, 734693,      0, 861224,      0,City of Milwaukee Ward 187
 188, 728, 570, 782967, 752631, 222807, 707017, 256140, 489846, 819298, 268421, 488841, 710526, 243859, 703508, 268421, 703508,      0, 819298,      0,City of Milwaukee Ward 188
 189, 964, 783, 812240, 793103, 174968, 768837, 199233, 486495, 851851, 203065, 485661, 765006, 195402, 772669, 203065, 775223,      0, 851851,      0,City of Milwaukee Ward 189
 190,1448, 918, 633977, 746187, 237472, 698801, 246731, 489589, 830065, 249455, 487977, 699346, 244008, 698257, 249455, 710239,      0, 830065,      0,City of Milwaukee Ward 190
 191, 932, 550, 590128, 725454, 256363, 654545, 289999, 491859, 840000, 290909, 489396, 647272, 289090, 661818, 290909, 696363,      0, 840000,      0,City of Milwaukee Ward 191
 192,1307, 829, 634276, 792521, 183353, 741254, 208685, 487324, 873341, 217129, 486081, 741857, 200241, 740651, 217129, 873341,      0, 870928,      0,City of Milwaukee Ward 192
 193, 818, 562, 687041, 873665, 110320, 864768,  87188, 477056, 870106,  94306, 477779, 870106,  80071, 859430,  94306, 822064,      0, 838078,      0,City of Milwaukee Ward 193
 194, 714, 502, 703081, 846613, 109561, 852589,  99601, 478528, 876494,  99601, 478252, 850597,  99601, 854581,  99601, 858565,      0, 876494,      0,City of Milwaukee Ward 194
 195, 665, 426, 640601, 896713,  89201, 868544,  84506, 476700, 884976,  91549, 477313, 852112,  91549, 884976,  77464, 849765,      0, 835680,      0,City of Milwaukee Ward 195
 196,1065, 723, 678873, 872752, 109266, 852696, 101659, 478732, 865836, 109266, 479300, 850622,  94052, 854771, 109266, 865836,      0, 865836,      0,City of Milwaukee Ward 196
 197, 436, 316, 724770, 841772, 142405, 810126, 124999, 481311, 816455, 132911, 481847, 803797, 117088, 816455, 132911, 803797,      0, 813291,      0,City of Milwaukee Ward 197
 198,1087, 618, 568537, 878640, 111650, 839805,  96278, 478340, 846278,  97087, 478347, 846278,  95469, 833333,  97087, 828478,      0, 781553,      0,City of Milwaukee Ward 198
 199, 698, 502, 719197, 914342,  65737, 878485,  45816, 470464, 884462,  45816, 470396, 884462,  45816, 872509,  45816, 836653,      0, 834661,      0,City of Milwaukee Ward 199
 200, 509, 387, 760314, 860465, 121447, 832041, 112403, 479982, 860465, 118863, 480204, 829457, 118863, 834625, 105943, 860465,      0, 826873,      0,City of Milwaukee Ward 200
 201, 510, 344, 674509, 848837, 127906, 851744,  98837, 478461, 866279, 101744, 478582, 845930,  95930, 857558, 101744, 866279,      0, 854651,      0,City of Milwaukee Ward 201
 202, 943, 780, 827147, 815384, 170512, 795512, 163461, 484175, 832051, 165384, 483843, 791025, 165384, 800000, 161538, 832051,      0, 812820,      0,City of Milwaukee Ward 202
 203,1176,1017, 864795, 793510, 188790, 775319, 188298, 485847, 830875, 189773, 485233, 767944, 189773, 782694, 186823, 830875,      0, 804326,      0,City of Milwaukee Ward 203
 204,1036, 879, 848455, 771331, 211604, 739476, 220136, 487883, 838452, 221843, 486704, 737201, 218430, 741751, 221843, 838452,      0, 824800,      0,City of Milwaukee Ward 204
 205, 922, 793, 860086, 721311, 248423, 688524, 265447, 490468, 765447, 269861, 489574, 680958, 261034, 696090, 269861, 765447,      0, 752837,      0,City of Milwaukee Ward 205
 206, 736, 655, 889945, 731297, 248854, 671755, 251908, 490191, 778625, 251908, 488715, 671755, 251908,      0,      0, 778625,      0, 764885,      0,City of Milwaukee Ward 206
 207, 865, 730, 843930, 610958, 369863, 582191, 360273, 495200, 726027, 360273, 492992, 582191, 360273,      0,      0, 726027,      0, 706849,      0,City of Milwaukee Ward 207
 208, 988, 835, 845141, 613173, 361676, 602395, 353293, 494663, 755688, 361676, 492631, 592814, 344910,      0,      0, 611976, 361676, 755688,      0,City of Milwaukee Ward 208
 209, 865, 763, 882080, 593709, 386631, 543249, 416120, 497334, 719528, 418086, 494570, 519003, 418086,      0,      0, 567496, 414154, 719528,      0,City of Milwaukee Ward 209
 210, 818, 691, 844743, 513748, 455861, 473227, 492763, 500404, 751085, 499276, 495916, 457308, 499276,      0,      0, 489146, 486251, 751085,      0,City of Milwaukee Ward 210
 211, 933, 771, 826366, 597924, 369649, 583657, 368352, 495397, 754863, 372243, 492930, 568093, 364461,      0,      0, 599221, 372243, 754863,      0,City of Milwaukee Ward 211
 212,1046, 843, 805927, 609727, 367734, 596085, 358837, 494924, 743772, 361803, 492793, 582443, 355871,      0,      0, 609727, 361803, 743772,      0,City of Milwaukee Ward 212
 213,1085, 884, 814746, 643665, 332579, 626696, 295248, 492473, 713800, 295248, 491172, 626696, 295248,      0,      0, 713800,      0, 708144,      0,City of Milwaukee Ward 213
 214, 532, 441, 828947, 759637, 226757, 744897, 214285, 487540, 818594, 215419, 486649, 734693, 213151, 755102, 215419, 818594,      0, 809523,      0,City of Milwaukee Ward 214
 215, 512, 383, 748046, 780678, 206266, 749347, 178850, 485673, 796344, 198433, 486104, 751958, 159268,      0,      0, 746736, 198433, 796344,      0,City of Milwaukee Ward 215
 216, 448, 314, 700892, 773885, 207006, 713375, 194267, 486992, 767515, 210191, 487048, 716560, 178343,      0,      0, 710191, 210191, 767515,      0,City of Milwaukee Ward 216
 217, 861, 686, 796747, 737609, 239067, 712098, 206268, 487609, 798833, 223032, 487241, 712827, 189504,      0,      0, 711370, 223032, 798833,      0,City of Milwaukee Ward 217
 218, 977, 736, 753326, 773097, 210597, 770380, 186141, 485796, 850543, 194293, 485234, 766304, 177989,      0,      0, 774456, 194293, 850543,      0,City of Milwaukee Ward 218
 219, 658, 511, 776595, 765166, 217221, 752445, 195694, 486532, 839530, 217221, 486480, 757338, 174168,      0,      0, 747553, 217221, 839530,      0,City of Milwaukee Ward 219
 220, 696, 525, 754310, 807619, 180952, 759047, 171428, 485120, 801904, 188571, 485524, 761904, 154285,      0,      0, 756190, 188571, 801904,      0,City of Milwaukee Ward 220
 221,1252, 991, 791533, 765893, 220988, 734611, 201311, 487055, 782038, 210898, 486894, 735620, 191725,      0,      0, 733602, 210898, 782038,      0,City of Milwaukee Ward 221
 222, 843, 597, 708185, 770519, 214405, 724455, 187604, 486489, 755443, 201005, 486760, 723618, 174204,      0,      0, 725293, 201005, 755443,      0,City of Milwaukee Ward 222
 223, 893, 666, 745800, 747747, 234234, 734234, 198948, 486942, 783783, 213213, 486981, 731231, 184684,      0,      0, 737237, 213213, 783783,      0,City of Milwaukee Ward 223
 224, 713, 472, 661991, 741525, 226694, 711864, 221398, 488320, 792372, 250000, 488464, 718220, 192796,      0,      0, 705508, 250000, 792372,      0,City of Milwaukee Ward 224
 225, 675, 461, 682962, 759219, 219088, 740780, 189804, 486382, 785249, 195227, 486081, 748373, 184381,      0,      0, 733188, 195227, 785249,      0,City of Milwaukee Ward 225
 226, 386, 252, 652849, 833333, 166666, 813491, 126983, 481427, 861111, 138888, 481754, 825396, 115079,      0,      0, 801587, 138888, 861111,      0,City of Milwaukee Ward 226
 227, 990, 715, 722222, 823776, 149650, 762936, 135663, 482729, 783216, 158041, 483994, 783216, 113286,      0,      0, 742657, 158041, 777622,      0,City of Milwaukee Ward 227
 228, 553, 366, 661844, 795081, 183060, 741803, 150272, 484033, 756830, 166666, 484868, 740437, 133879,      0,      0, 743169, 166666, 756830,      0,City of Milwaukee Ward 228
 229, 534, 340, 636704, 800000, 182352, 766176, 164705, 484627, 788235, 202941, 486431, 788235, 126470,      0,      0, 744117, 202941, 761764,      0,City of Milwaukee Ward 229
 230, 879, 592, 673492, 788851, 185810, 719594, 172297, 485705, 763513, 182432, 485684, 717905, 162162,      0,      0, 721283, 182432, 763513,      0,City of Milwaukee Ward 230
 231, 423, 273, 645390, 747252, 227106, 697801, 203296, 487667, 728937, 241758, 488963, 728937, 164835,      0,      0, 666666, 241758, 695970,      0,City of Milwaukee Ward 231
 232, 350, 230, 657142, 782608, 186956, 754347, 176086, 485451, 765217, 178260, 485430, 743478, 178260,      0,      0, 765217, 173913, 747826,      0,City of Milwaukee Ward 232
 233, 301, 206, 684385, 839805, 155339, 745145, 167475, 485072, 771844, 174757, 485146, 752427, 160194,      0,      0, 737864, 174757, 771844,      0,City of Milwaukee Ward 233
 234, 688, 588, 854651, 778911, 193877, 732992, 216836, 487820, 821428, 217687, 486720, 726190, 217687,      0,      0, 739795, 215986, 821428,      0,City of Milwaukee Ward 234
 235,2116,1768, 835538, 786764, 191742, 738970, 221719, 487961, 829185, 225113, 486961, 733031, 218325,      0,      0, 744909, 225113, 829185,      0,City of Milwaukee Ward 235
 236, 632, 456, 721518, 804824, 164473, 771929, 146929, 483410, 774122, 168859, 484773, 774122, 125000,      0,      0, 769736, 168859, 771929,      0,City of Milwaukee Ward 236
 237, 872, 593, 680045, 826306, 153456, 779932, 132377, 482264, 804384, 146711, 482983, 775716, 118043,      0,      0, 784148, 146711, 804384,      0,City of Milwaukee Ward 237
 238, 703, 490, 697012, 751020, 230612, 741836, 176530, 485643, 771428, 193877, 486189, 744897, 159183,      0,      0, 738775, 193877, 771428,      0,City of Milwaukee Ward 238
 239, 664, 441, 664156, 791383, 199546, 731292, 174602, 485676, 789115, 199546, 486251, 734693, 149659,      0,      0, 727891, 199546, 789115,      0,City of Milwaukee Ward 239
 240, 801, 577, 720349, 804159, 168110, 795493, 151646, 483425, 838821, 159445, 483397, 790294, 143847,      0,      0, 800693, 159445, 838821,      0,City of Milwaukee Ward 240
 241,1554,1299, 835907, 800615, 174749, 762894, 199383, 486581, 840646, 202463, 485763, 759815, 196304,      0,      0, 765973, 202463, 840646,      0,City of Milwaukee Ward 241
 242,1069, 921, 861552, 803474, 172638, 785558, 175352, 485004, 855591, 180238, 484424, 782844, 170466,      0,      0, 788273, 180238, 855591,      0,City of Milwaukee Ward 242
 243,1215,1085, 893004, 785253, 198156, 748386, 216589, 487600, 811059, 216589, 486796, 741013, 216589,      0,      0, 755760, 216589, 811059,      0,City of Milwaukee Ward 243
 244,1006, 862, 856858, 810904, 176334, 783642, 178654, 485214, 827146, 179814, 484739, 780742, 179814,      0,      0, 786542, 177494, 827146,      0,City of Milwaukee Ward 244
 245, 815, 702, 861349, 792022, 192307, 749999, 220797, 487771, 831908, 223646, 486863, 746438, 223646,      0,      0, 753561, 217948, 831908,      0,City of Milwaukee Ward 245
 246,1454,1266, 870701, 813586, 162717, 787519, 171405, 484751, 845181, 175355, 484272, 780410, 167456,      0,      0, 794628, 175355, 845181,      0,City of Milwaukee Ward 246
 247, 762, 636, 834645, 754716, 223270, 735062, 228773, 488327, 795597, 232704, 487706, 732704, 224842,      0,      0, 737421, 232704, 795597,      0,City of Milwaukee Ward 247
 248,1516,1262, 832453, 797147, 181458, 778129, 182646, 485506, 819334, 190174, 485394, 777337, 175118,      0,      0, 778922, 190174, 819334,      0,City of Milwaukee Ward 248
 249, 610, 366, 600000, 770491, 215846, 739070, 195354, 486694, 822404, 199453, 485833, 729508, 191256,      0,      0, 748633, 199453, 822404,      0,City of Milwaukee Ward 249
 250, 484, 347, 716942, 809798, 172910, 776656, 158501, 484107, 827089, 175792, 484513, 783861, 141210,      0,      0, 769452, 175792, 827089,      0,City of Milwaukee Ward 250
 251, 373, 238, 638069, 752100, 222689, 733193, 197478, 486882, 798319, 205882, 486447, 747899, 189075,      0,      0, 718487, 205882, 798319,      0,City of Milwaukee Ward 251
 252, 627, 458, 730462, 746724, 235807, 730349, 224890, 488220, 801310, 233624, 487674, 737991, 216157,      0,      0, 722707, 233624, 801310,      0,City of Milwaukee Ward 252
 253, 282, 210, 744680, 709523, 276190, 652380, 238095, 489920, 733333, 247619, 489142, 623809, 228571,      0,      0, 680952, 247619, 733333,      0,City of Milwaukee Ward 253
 254, 299, 194, 648829, 737113, 242268, 721649, 203608, 487346, 778350, 211340, 486962, 706185, 195876,      0,      0, 737113, 211340, 778350,      0,City of Milwaukee Ward 254
 255, 362, 256, 707182, 777343, 203125, 742187, 173828, 485484, 765625, 187500, 485930, 761718, 160156,      0,      0, 722656, 187500, 765625,      0,City of Milwaukee Ward 255
 256, 447, 274, 612975, 781021, 186131, 786495, 158759, 483998, 806569, 178832, 484936, 791970, 138686,      0,      0, 781021, 178832, 806569,      0,City of Milwaukee Ward 256
 257, 898, 628, 699331, 778662, 197452, 738853, 183120, 486050, 807324, 199044, 485998, 740445, 167197,      0,      0, 737261, 199044, 807324,      0,City of Milwaukee Ward 257
 258, 967, 724, 748707, 751381, 233425, 734115, 218231, 487868, 798342, 222375, 487218, 723756, 214088,      0,      0, 744475, 222375, 798342,      0,City of Milwaukee Ward 258
 259, 646, 511, 791021, 743639, 240704, 740704, 205479, 487177, 818003, 213307, 486558, 724070, 197651,      0,      0, 757338, 213307, 818003,      0,City of Milwaukee Ward 259
 260, 467, 405, 867237, 716049, 266666, 698765, 250617, 489746, 790123, 256790, 488760, 701234, 244444,      0,      0, 696296, 256790, 790123,      0,City of Milwaukee Ward 260
 261, 604, 523, 865894, 644359, 332695, 613766, 330783, 493818, 759082, 330783, 491693, 613766, 330783,      0,      0, 759082,      0, 753346,      0,City of Milwaukee Ward 261
 262,1243,1065, 856798, 624413, 364319, 604694, 345539, 494403, 736150, 345539, 492436, 604694, 345539,      0,      0, 736150,      0, 719248,      0,City of Milwaukee Ward 262
 263, 710, 579, 815492, 645941, 343696, 625215, 328151, 493553, 754749, 328151, 491670, 625215, 328151,      0,      0, 754749,      0, 740932,      0,City of Milwaukee Ward 263
 264,1342,1185, 883010, 570464, 409282, 542616, 388185, 496650, 707172, 388185, 494002, 542616, 388185,      0,      0, 707172,      0, 693670,      0,City of Milwaukee Ward 264
 265, 723, 629, 869986, 558028, 424483, 531001, 419713, 497648, 720190, 419713, 494600, 531001, 419713,      0,      0, 717011,      0, 720190,      0,City of Milwaukee Ward 265
 266, 843, 722, 856465, 470914, 498614, 441828, 490304, 501041, 634349, 490304, 497424, 441828, 490304,      0,      0, 634349,      0, 631578,      0,City of Milwaukee Ward 266
 267, 723, 658, 910096, 550151, 433130, 527355, 419452, 497710, 696048, 419452, 494935, 527355, 419452,      0,      0, 694528,      0, 696048,      0,City of Milwaukee Ward 267
 268,1658,1455, 877563, 548453, 435738, 513402, 413058, 497825, 701718, 413058, 494700, 513402, 413058,      0,      0, 701718,      0, 691408,      0,City of Milwaukee Ward 268
 269, 978, 861, 880368, 523809, 450638, 495354, 445411, 498937, 679442, 608594, 498898, 497096, 442508, 493612, 448315,      0, 608594, 679442,      0,City of Milwaukee Ward 269
 270, 931, 801, 860365, 513108, 469413, 498127, 453807, 499068, 675405, 669163, 499907, 494382, 446941, 501872, 460674,      0, 669163, 675405,      0,City of Milwaukee Ward 270
 271,1695,1476, 870796, 553523, 429539, 522357, 424119, 497916, 705284, 633468, 498926, 516260, 420054, 528455, 428184,      0, 633468, 705284,      0,City of Milwaukee Ward 271
 272,1190,1096, 921008, 467153, 517335, 447536, 501824, 501144, 640510, 670620, 500459, 443430, 503649, 451642, 500000,      0, 670620, 640510,      0,City of Milwaukee Ward 272
 273, 671, 612, 912071, 511437, 473856, 478758, 472222, 499862, 668300, 686274, 500265, 462418, 472222, 495098, 472222,      0, 686274, 668300,      0,City of Milwaukee Ward 273
 274, 702, 611, 870370, 484451, 486088, 477904, 481996, 500085, 654664, 666121, 500173, 469721, 481178, 486088, 482815,      0, 666121, 654664,      0,City of Milwaukee Ward 274
 275,1660,1425, 858433, 541754, 444210, 525964, 429122, 497965, 690526, 644912, 499316, 523508, 423859, 528421, 434385,      0, 644912, 690526,      0,City of Milwaukee Ward 275
 276,1431,1302, 909853, 516129, 460829, 496159, 455452, 499143, 674347, 655145, 499711, 490015, 448540, 502304, 462365,      0, 655145, 674347,      0,City of Milwaukee Ward 276
 277,1520,1321, 869078, 520817, 455715, 504163, 433005, 498478, 687358, 642694, 499328, 494322, 433762, 514004, 432248,      0, 642694, 687358,      0,City of Milwaukee Ward 277
 278, 838, 742, 885441, 498652, 483827, 481132, 460916, 499570, 653638, 641509, 499812, 471698, 458221, 490566, 463611,      0, 641509, 653638,      0,City of Milwaukee Ward 278
 279,1172,1045, 891638, 548325, 425837, 533014, 412440, 497435, 692822, 412440, 494813, 533014, 412440,      0,      0, 692822,      0, 690909,      0,City of Milwaukee Ward 279
 280,1911,1634, 855049, 687882, 294369, 665850, 282741, 491434, 768665, 282741, 489998, 665850, 282741,      0,      0, 768665,      0, 753977,      0,City of Milwaukee Ward 280
 281, 891, 751, 842873, 631158, 352862, 617176, 328894, 493705, 729693, 335552, 492231, 619174, 322237,      0,      0, 615179, 335552, 729693,      0,City of Milwaukee Ward 281
 282, 475, 389, 818947, 681233, 285347, 676092, 237788, 489550, 758354, 262210, 489379, 686375, 213367,      0,      0, 665809, 262210, 758354,      0,City of Milwaukee Ward 282
 283, 914, 738, 807439, 640921, 341463, 618563, 324525, 493549, 753387, 325203, 491598, 612466, 325203,      0,      0, 624661, 323848, 753387,      0,City of Milwaukee Ward 283
 284, 892, 703, 788116, 711237, 280227, 698434, 241109, 489364, 776671, 250355, 488678, 702702, 231863,      0,      0, 694167, 250355, 776671,      0,City of Milwaukee Ward 284
 285, 221, 178, 805429, 713483, 280898, 685393, 297752, 491662, 820224, 303370, 490053, 685393, 303370,      0,      0, 685393, 292134, 820224,      0,City of Milwaukee Ward 285
 286, 538, 423, 786245, 654846, 321513, 644207, 278959, 491630, 751773, 278959, 490086, 631205, 278959,      0,      0, 657210, 278959, 751773,      0,City of Milwaukee Ward 286
 287, 562, 484, 861209, 683884, 291322, 680784, 287189, 491368, 776859, 297520, 490402, 683884, 276859,      0,      0, 677685, 297520, 776859,      0,City of Milwaukee Ward 287
 288,1264,1078, 852848, 624304, 358070, 615955, 334415, 493892, 769944, 346011, 492001, 621521, 322820,      0,      0, 610389, 346011, 769944,      0,City of Milwaukee Ward 288
 289, 780, 640, 820512, 701562, 290625, 682031, 261718, 490421, 751562, 262500, 489480, 676562, 262500,      0,      0, 687500, 260937, 751562,      0,City of Milwaukee Ward 289
 290, 699, 556, 795422, 717625, 253597, 696042, 246402, 489615, 778776, 260791, 489059, 697841, 232014,      0,      0, 694244, 260791, 778776,      0,City of Milwaukee Ward 290
 291, 668, 530, 793413, 673584, 301886, 660376, 258490, 490620, 754716, 267924, 489643, 656603, 249056,      0,      0, 664150, 267924, 754716,      0,City of Milwaukee Ward 291
 292, 747, 632, 846050, 677215, 313291, 646360, 297468, 492239, 753164, 299050, 490763, 634493, 295886,      0,      0, 658227, 299050, 753164,      0,City of Milwaukee Ward 292
 293, 903, 792, 877076, 625000, 349747, 603535, 333333, 494063, 712121, 333333, 492408, 603535, 333333,      0,      0, 712121,      0, 705808,      0,City of Milwaukee Ward 293
 294, 696, 623, 895114, 670947, 306581, 642054, 304975, 492555, 754414, 304975, 490942, 642054, 304975,      0,      0, 754414,      0, 746388,      0,City of Milwaukee Ward 294
 295, 890, 751, 843820, 720372, 254327, 693741, 242343, 489482, 813581, 242343, 487889, 693741, 242343,      0,      0, 805592,      0, 813581,      0,City of Milwaukee Ward 295
 296,1098, 984, 896174, 680894, 292682, 643292, 294715, 492194, 775406, 294715, 490326, 643292, 294715,      0,      0, 775406,      0, 758130,      0,City of Milwaukee Ward 296
 297, 993, 850, 855991, 749411, 231764, 714117, 225882, 488489, 796470, 225882, 487398, 714117, 225882,      0,      0, 791764,      0, 796470,      0,City of Milwaukee Ward 297
 298, 827, 724, 875453, 748618, 223756, 707182, 225138, 488554, 808011, 225138, 487221, 707182, 225138,      0,      0, 808011,      0, 785911,      0,City of Milwaukee Ward 298
 299,1029, 923, 896987, 707475, 269772, 682556, 262188, 490432, 795232, 262188, 488904, 682556, 262188,      0,      0, 795232,      0, 773564,      0,City of Milwaukee Ward 299
 300,1388,1218, 877521, 793924, 183908, 766009, 189655, 486040, 829228, 189655, 485247, 766009, 189655,      0,      0, 829228,      0, 825123,      0,City of Milwaukee Ward 300
 301,1314,1156, 879756, 665224, 312283, 615916, 307958, 493068, 760380, 307958, 490961, 615916, 307958,      0,      0, 760380,      0, 748269,      0,City of Milwaukee Ward 301
 302, 906, 793, 875275, 600252, 389659, 569987, 374527, 495800, 730138, 374527, 493324, 569987, 374527,      0,      0, 730138,      0, 727616,      0,City of Milwaukee Ward 302
 303,1316,1173, 891337, 615515, 365728, 567774, 363171, 495531, 715260, 363171, 493222, 567774, 363171,      0,      0, 715260,      0, 710144,      0,City of Milwaukee Ward 303
 304,1089, 931, 854912, 570354, 407089, 532760, 410311, 497388, 714285, 410311, 494456, 532760, 410311,      0,      0, 714285,      0, 701396,      0,City of Milwaukee Ward 304
 305,1101, 936, 850136, 605769, 367521, 585470, 337606, 494494, 723290, 337606, 492380, 585470, 337606,      0,      0, 723290,      0, 720085,      0,City of Milwaukee Ward 305
 306, 891, 703, 789001, 677098, 305832, 653626, 302987, 492311, 766714, 305832, 490809, 658605, 300142,      0,      0, 648648, 305832, 766714,      0,City of Milwaukee Ward 306
 307, 910, 802, 881318, 605985, 376558, 587281, 355361, 494976, 744389, 356608, 492640, 581047, 354114,      0,      0, 593516, 356608, 744389,      0,City of Milwaukee Ward 307
 308, 942, 753, 799363, 671978, 312084, 651394, 276892, 491445, 760956, 290836, 490381, 656042, 262948,      0,      0, 646746, 290836, 760956,      0,City of Milwaukee Ward 308
 309,1298,1116, 859784, 577956, 405913, 554659, 379032, 496192, 722222, 379032, 493552, 554659, 379032,      0,      0, 722222,      0, 717741,      0,City of Milwaukee Ward 309
 310, 448, 358, 799107, 698324, 290502, 698324, 215083, 488223, 734636, 215083, 487716, 698324, 215083,      0,      0, 734636,      0, 715083,      0,City of Milwaukee Ward 310
 311, 785, 663, 844585, 555052, 417797, 538461, 358974, 495945, 687782, 358974, 493497, 538461, 358974,      0,      0, 687782,      0, 654600,      0,City of Milwaukee Ward 311
 312,1029, 951, 924198, 581493, 409043, 541535, 415352, 497347, 706624, 415352, 494686, 541535, 415352,      0,      0, 706624,      0, 697160,      0,City of Milwaukee Ward 312
 313,2034,1747, 858898, 543789, 436176, 519748, 408700, 497596, 669719, 408700, 495061, 519748, 408700,      0,      0, 669719,      0, 668002,      0,City of Milwaukee Ward 313
 314, 769, 681, 885565, 509544, 469897, 477239, 459618, 499623, 634361, 459618, 496777, 477239, 459618,      0,      0, 612334,      0, 634361,      0,City of Milwaukee Ward 314
 315,1510, 919, 608609, 507072, 474428, 482045, 435255, 498978, 672470, 435255, 495649, 482045, 435255,      0,      0, 672470,      0, 668117,      0,City of Milwaukee Ward 315
 316, 865, 751, 868208, 496671, 492676, 484687, 459387, 499463, 719041, 459387, 495519, 484687, 459387,      0,      0, 717709,      0, 719041,      0,City of Milwaukee Ward 316
 317,1019, 906, 889106, 588300, 388520, 544150, 386313, 496574, 721854, 386313, 493748, 544150, 386313,      0,      0, 721854,      0, 695364,      0,City of Milwaukee Ward 317
 320,  59,  41, 694915, 902439,  97560, 865853,  73170, 475290, 926829,  73170, 474610, 878048,  73170,      0,      0, 853658,  73170, 926829,      0,City of Milwaukee Ward 320
 321, 296, 206, 695945, 839805, 140776, 779125, 148057, 483394, 786407, 165048, 484387, 786407, 131067,      0,      0, 771844, 165048, 766990,      0,City of Milwaukee Ward 321
 322, 166, 123, 740963, 796747, 186991, 739837, 182926, 486026, 829268, 203252, 485939, 739837, 162601,      0,      0, 739837, 203252, 829268,      0,City of Milwaukee Ward 322
 323, 363, 262, 721763, 774809, 221374, 721373, 198472, 487094, 732824, 206106, 487314, 729007, 190839,      0,      0, 713740, 206106, 732824,      0,City of Milwaukee Ward 323
 324, 175, 111, 634285, 756756, 234234, 720720, 225225, 488368, 819819, 243243, 487849, 711711, 207207,      0,      0, 729729, 243243, 819819,      0,City of Milwaukee Ward 324
 325, 477, 381, 798742, 784776, 194225, 771653, 190288, 486000, 845144, 191601, 485159, 763779, 188976,      0,      0, 779527, 191601, 845144,      0,City of Milwaukee Ward 325
 328,1194,1057, 885259, 680227, 305581, 637653, 331756, 493466, 733207, 336802, 492220, 636707, 321665, 640491, 336802, 635761, 336802, 733207,      0,Village of Bayside Wards 13
 329,  73,  72, 986301, 652777, 333333, 592592, 337962, 494384, 597222, 361111, 494968, 597222, 319444, 583333, 361111, 597222, 333333, 583333,      0,Village of Bayside Wards 1S3S
 330,1393,1263, 906676, 721298, 258907, 675375, 307732, 492139, 737133, 313539, 491451, 669041, 300079, 676959, 313539, 680126, 309580, 737133,      0,Village of Bayside Wards 24
 331, 769, 712, 925877, 713483, 269662, 646535, 323501, 493075, 717696, 330056, 492232, 637640, 320224, 648876, 330056, 653089, 320224, 717696,      0,Village of Bayside Ward 5
 332,2807,2498, 889918, 757005, 221377, 723111, 242593, 489078, 803042, 255004, 488528, 718975, 234587, 718975, 255004, 731385, 238190, 803042,      0,V. Brown Deer Wards 12
 333,2731,2495, 913584, 674949, 309418, 645156, 320641, 493008, 750701, 334669, 491921, 640480, 310220, 638877, 334669, 656112, 317034, 750701,      0,V. Brown Deer Wards 34
 334,2737,2483, 907197, 704389, 276278, 672036, 283661, 491374, 758356, 294401, 490537, 667337, 272654, 669351, 294401, 679420, 283930, 758356,      0,V. Brown Deer Wards 56
 335,2300,1991, 865652, 615268, 366147, 582119, 346057, 494799, 684580, 346057, 493177, 582119, 346057,      0,      0, 684580,      0, 662983,      0,City of Cudahy Wards 123
 336,2092,1821, 870458, 539813, 437671, 512355, 409665, 497763, 665568, 409665, 495146, 512355, 409665,      0,      0, 665568,      0, 641405,      0,City of Cudahy Wards 456
 337,1914,1600, 835945, 535625, 446875, 517500, 405625, 497564, 666875, 405625, 495028, 517500, 405625,      0,      0, 666875,      0, 657500,      0,City of Cudahy Wards 789
 338,2237,1926, 860974, 500000, 485981, 463136, 464174, 500022, 627206, 464174, 496989, 463136, 464174,      0,      0, 627206,      0, 618899,      0,City of Cudahy Wards 101112
 339,2509,2193, 874053, 509803, 478796, 484268, 457820, 499438, 645234, 457820, 496568, 484268, 457820,      0,      0, 645234,      0, 638394,      0,City of Cudahy Wards 131415
 340,2413,2210, 915872, 693665, 290045, 611462, 358823, 494669, 714027, 362443, 493219, 598190, 357013, 614479, 362443, 621719, 357013, 714027,      0,V. Fox Point Wards 1234
 341,3021,2793, 924528, 701396, 282133, 651748, 315550, 492746, 736126, 320085, 491671, 642678, 307554, 657357, 319011, 655209, 320085, 736126,      0,V. Fox Point Wards 56789
 343,1616,1537, 951113, 410540, 571242, 362827, 594447, 504937, 591411, 628497, 500608, 345478, 628497, 377358, 585556, 365647, 569290, 591411,      0,City of Franklin Ward 2
 344,1715,1603, 934693, 468496, 513412, 412975, 545019, 502774, 645040, 572676, 498810, 393636, 572676, 422956, 543980, 422333, 518402, 645040,      0,City of Franklin Ward 3
 345, 892, 799, 895739, 401752, 588235, 362953, 598247, 504997, 607008, 629536, 500364, 340425, 629536, 372966, 593241, 375469, 571964, 607008,      0,City of Franklin Ward 4
 346, 692, 661, 955202, 432677, 558245, 401915, 563791, 503384, 639939, 583963, 499084, 388804, 583963, 409984, 561270, 406959, 546142, 639939,      0,City of Franklin Ward 5
 347,1186,1098, 925801, 450819, 530054, 398603, 552823, 503270, 596539, 583788, 499783, 374316, 583788, 406193, 550091, 415300, 524590, 596539,      0,City of Franklin Ward 6
 348,1499,1439, 959973, 451702, 539958, 409543, 552003, 502985, 610145, 587213, 499616, 384294, 587213, 417651, 544127, 426685, 524669, 610145,      0,City of Franklin Ward 7
 349,1051,1007, 958135, 549155, 425024, 502151, 428996, 498425, 676266, 459781, 496141, 485600, 459781, 508440, 437934, 512413, 389275, 676266,      0,City of Franklin Ward 8
 350,1084,1005, 927121, 519402, 466666, 465339, 474958, 500204, 641791, 498507, 497473, 457711, 498507, 474626, 476616, 463681, 449751, 641791,      0,City of Franklin Ward 9
 351, 472, 447, 947033, 541387, 440715, 468307, 481729, 500282, 628635, 525727, 498212, 429530, 525727, 494407, 463087, 480984, 456375, 628635,      0,City of Franklin Ward 10
 352,1305,1212, 928735, 445544, 538778, 410890, 545929, 502841, 601485, 581683, 499665, 386963, 581683, 425742, 532178, 419966, 523927, 601485,      0,City of Franklin Ward 11
 353, 943, 851, 902439, 396004, 589894, 363102, 612220, 505224, 593419, 626321, 500539, 350176, 626321,      0,      0, 376028, 598119, 593419,      0,City of Franklin Ward 12
 354,1275,1205, 945098, 458091, 526970, 410788, 550206, 502922, 588381, 573443, 499742, 395850, 573443, 418257, 548547, 418257, 528630, 588381,      0,City of Franklin Ward 13
 355,1117,1035, 926589, 477294, 510144, 422222, 530434, 502281, 617391, 571014, 499219, 397101, 571014, 431884, 522705, 437681, 497584, 617391,      0,City of Franklin Ward 14
 356, 621, 543, 874396, 384898, 607734, 342541, 604051, 505672, 587476, 633517, 500754, 329650, 633517, 351749, 596685, 346224, 581952, 587476,      0,City of Franklin Ward 15A
 357, 430, 391, 909302, 452685, 529411, 398976, 557544, 503346, 608695, 560102, 499168, 396419, 560102,      0,      0, 401534, 554987, 608695,      0,City of Franklin Ward 15B
 358,1337,1244, 930441, 424437, 556270, 386387, 573954, 503957, 577974, 617363, 500659, 360932, 617363, 398713, 567524, 399517, 536977, 577974,      0,City of Franklin Ward 16
 359, 809, 759, 938195, 521739, 461133, 489239, 482652, 499864, 667984, 508563, 497273, 469038, 508563, 487483, 484848, 511198, 454545, 667984,      0,City of Franklin Ward 17
 360, 498, 472, 947791, 449152, 542372, 406779, 560734, 503209, 620762, 580508, 499329, 389830, 580508, 417372, 557203, 413135, 544491, 620762,      0,City of Franklin Ward 18
 361,1371,1281, 934354, 434816, 555815, 387717, 571427, 503878, 610460, 601092, 499845, 366900, 601092, 390320, 570647, 405932, 542544, 610460,      0,City of Franklin Ward 19
 362, 714, 677, 948179, 485967, 500738, 454947, 491383, 500770, 629246, 518463, 498063, 444608, 518463, 460856, 493353, 459379, 462333, 629246,      0,City of Franklin Ward 20
 363, 352, 312, 886363, 557692, 407051, 528845, 409187, 497434, 717948, 439102, 495083, 516025, 439102, 538461, 407051, 532051, 381410, 717948,      0,City of Franklin Ward 21
 364, 759, 718, 945981, 441504, 551532, 402042, 563137, 503369, 625348, 590529, 499427, 381615, 590529, 406685, 558495, 417827, 540389, 625348,      0,City of Franklin Ward 22A
 365, 702, 680, 968660, 411764, 567647, 384803, 572548, 503973, 614705, 600000, 499757, 364705, 600000, 395588, 555882, 394117, 561764, 614705,      0,City of Franklin Ward 22B
 366,1339,1279, 955190, 385457, 596559, 345842, 614802, 505753, 566067, 647380, 501342, 326817, 647380, 355746, 611415, 354964, 585613, 566067,      0,City of Franklin Ward 23
 367,1473,1368, 928716, 719298, 253654, 663376, 275584, 491215, 722953, 277046, 490408, 668128, 277046, 722953,      0, 658625, 274122, 722953,      0,City of Glendale Wards 17
 368,1038, 937, 902697, 759871, 226254, 712913, 224119, 488428, 734258, 225186, 488180, 725720, 223052, 723585,      0, 700106, 225186, 734258,      0,City of Glendale Wards 28S
 369, 571, 532, 931698, 669172, 323308, 622806, 351503, 494279, 736842, 359022, 492810, 627819, 340225, 625939, 359022, 614661, 355263, 736842,      0,City of Glendale Ward 8
 370,1688,1550, 918246, 679354, 296129, 650537, 316773, 492803, 739354, 329032, 491903, 645161, 307741, 646451, 329032, 660000, 313548, 739354,      0,City of Glendale Wards 39
 371,1789,1661, 928451, 705599, 281757, 666867, 306240, 492217, 759181, 308248, 490986, 661047, 304635, 669476, 308248, 670078, 305839, 759181,      0,City of Glendale Wards 410
 372,1437,1316, 915796, 709726, 271276, 677304, 295338, 491700, 753799, 296352, 490664, 662613, 294832, 686170, 296352, 683130, 294832, 753799,      0,City of Glendale Wards 511 (D
 373, 334, 279, 835329, 842293, 146953, 797490, 163082, 484127, 860215, 172043, 483905, 810035, 154121, 860215,      0, 784946, 172043, 849462,      0,City of Glendale Ward 11S (Dis
 374,1285,1156, 899610, 749134, 233564, 698096, 243944, 489485, 756920, 248269, 488852, 701557, 248269, 743944,      0, 694636, 239619, 756920,      0,City of Glendale Wards 612
 375,1894,1768, 933474, 466063, 518099, 422510, 541289, 502477, 605769, 576357, 499502, 401583, 576357, 422511, 546380, 443438, 501131, 605769,      0,V. Greendale Wards 12
 376,2180,2009, 921559, 528123, 449975, 488136, 463414, 499480, 659034, 500248, 497243, 467894, 500248, 495271, 465903, 501244, 424091, 659034,      0,V. Greendale Wards 34
 377,1929,1784, 924831, 511210, 473654, 470477, 487481, 500355, 635650, 527466, 498134, 446748, 527466, 470291, 496076, 494394, 438901, 635650,      0,V. Greendale Wards 56
 378,1912,1762, 921548, 510783, 467650, 475784, 486189, 500216, 667423, 518728, 497479, 456299, 518728, 479001, 490919, 492054, 448921, 667423,      0,V. Greendale Wards 78
 379,2319,2135, 920655, 509133, 479625, 469788, 487275, 500365, 648243, 522716, 497847, 446370, 522716, 475409, 485714, 487587, 453395, 648243,      0,V. Greendale Wards 910
 380,1190,1037, 871428, 555448, 422372, 554484, 411764, 497024, 677917, 411764, 495014, 554484, 411764,      0,      0, 675024,      0, 677917,      0,City of Greenfield Ward 1
 381,1023, 903, 882697, 492801, 495016, 465484, 479143, 500289, 663344, 500553, 497184, 462901, 500553, 469545, 481727, 464008, 455149, 663344,      0,City of Greenfield Ward 2
 382, 999, 853, 853853, 580304, 402110, 548651, 403282, 496921, 658851, 403282, 495091, 548651, 403282,      0,      0, 658851,      0, 655334,      0,City of Greenfield Ward 3
 383,1014, 833, 821499, 619447, 367346, 584633, 373349, 495515, 697478, 373349, 493750, 584633, 373349,      0,      0, 687875,      0, 697478,      0,City of Greenfield Ward 4
 384,1136, 976, 859154, 532786, 449795, 518442, 442622, 498418, 670081, 621926, 499254, 521516, 444672, 515368, 440573,      0, 621926, 670081,      0,City of Greenfield Ward 5
 385,1105, 997, 902262, 449348, 531594, 436809, 528585, 501907, 607823, 654964, 500746, 435305, 535606, 438314, 521564,      0, 654964, 607823,      0,City of Greenfield Ward 6
 386,1442,1300, 901525, 483846, 494615, 461538, 491538, 500629, 637692, 635384, 499963, 458461, 496923, 464615, 486153,      0, 635384, 637692,      0,City of Greenfield Ward 7
 387,1277,1129, 884103, 542072, 446412, 503542, 447298, 498815, 666961, 609388, 499097, 503100, 453498, 503985, 441098,      0, 609388, 666961,      0,City of Greenfield Ward 8
 388,1178,1068, 906621, 514981, 467228, 474719, 490636, 500329, 652621, 655430, 500042, 474719, 495318, 474719, 485955,      0, 655430, 652621,      0,City of Greenfield Ward 9
 389,1238,1105, 892568, 511312, 468778, 488687, 486424, 499953, 650678, 668778, 500274, 495022, 485972, 482352, 486877,      0, 668778, 650678,      0,City of Greenfield Ward 10
 390,1392,1328, 954022, 466114, 518825, 435993, 534638, 502039, 597138, 663403, 501052, 441265, 535391, 430722, 533885,      0, 663403, 597138,      0,City of Greenfield Ward 11
 391,1469,1395, 949625, 436559, 549820, 417203, 544802, 502668, 609318, 698924, 501372, 415770, 548387, 418637, 541218,      0, 698924, 609318,      0,City of Greenfield Ward 12
 392, 723, 677, 936376, 519940, 468242, 494091, 469719, 499494, 664697, 655834, 499865, 490398, 472673, 497784, 466765,      0, 655834, 664697,      0,City of Greenfield Ward 13
 393,1025, 910, 887804, 515384, 470329, 506593, 448351, 498778, 671428, 667032, 499934, 491208, 465934, 521978, 430769,      0, 667032, 671428,      0,City of Greenfield Ward 14
 394,1020, 915, 897058, 471038, 510382, 461201, 498360, 500774, 665573, 693989, 500418, 455737, 502732, 466666, 493989,      0, 693989, 665573,      0,City of Greenfield Ward 15
 395, 454, 385, 848017, 472727, 519480, 456276, 498700, 500889, 677922, 506493, 497084, 462337, 506493, 464935, 501298, 441558, 488311, 677922,      0,City of Greenfield Ward 16
 396, 909, 816, 897689, 564950, 424019, 523284, 402368, 497372, 666666, 420343, 495387, 520833, 420343, 542892, 397058, 506127, 389705, 666666,      0,City of Greenfield Ward 17
 397, 975, 890, 912820, 478651, 503370, 465168, 505617, 500833, 608988, 505617, 498139, 465168, 505617,      0,      0, 608988,      0, 605617,      0,City of Greenfield Ward 18
 398,1439,1300, 903405, 587692, 403846, 558204, 404358, 496775, 714615, 414615, 494556, 559230, 414615, 563846, 406153, 551538, 392307, 714615,      0,City of Greenfield Ward 19
 399,1522,1367, 898160, 501097, 486466, 471104, 472079, 500020, 637161, 485003, 497271, 468178, 485003, 475493, 479882, 469641, 451353, 637161,      0,City of Greenfield Ward 20
 400, 974, 840, 862422, 535714, 442857, 508333, 429761, 498320, 682142, 445238, 495733, 508333, 445238, 513095, 439285, 503571, 404761, 682142,      0,City of Greenfield Ward 21
 401,1800,1641, 911666, 442413, 535039, 405037, 555148, 503152, 578915, 575258, 499936, 391834, 575258, 415600, 544789, 407678, 545399, 578915,      0,V. Hales Corners Wards 123
 402,1764,1610, 912698, 466459, 514906, 424223, 540993, 502431, 616149, 566459, 499159, 408695, 566459, 434161, 527950, 429813, 528571, 616149,      0,V. Hales Corners Wards 456
 403,1646,1559, 947144, 489416, 495189, 451357, 509728, 501216, 622193, 533033, 498453, 437459, 533033, 462475, 499679, 454137, 496472, 622193,      0,V. Hales Corners Wards 789
 404,3748,3533, 942636, 481460, 493631, 437163, 533823, 501997, 663458, 538069, 497905, 429097, 538069,      0,      0, 445230, 529578, 663458,      0,C. Oak Creek Wards 123
 405,3714,3463, 932417, 513138, 464048, 466358, 506063, 500817, 686976, 512272, 497065, 460294, 512272,      0,      0, 472422, 499855, 686976,      0,C. Oak Creek Wards 456
 406,3708,3470, 935814, 476080, 506628, 419451, 546829, 502651, 637752, 550432, 498527, 412391, 550432,      0,      0, 426512, 543227, 637752,      0,C. Oak Creek Wards 789
 407,4045,3770, 932014, 423342, 554376, 382890, 593899, 504389, 604774, 597082, 499871, 376657, 597082,      0,      0, 389124, 590716, 604774,      0,C. Oak Creek Wards 101112
 408,3878,3670, 946364, 424795, 560217, 367029, 607492, 505038, 595095, 609536, 500239, 365122, 605449,      0,      0, 368937, 609536, 595095,      0,C. Oak Creek Wards 131415
 409,3262,2934, 899448, 533401, 445466, 490285, 475971, 499703, 692910, 478527, 496298, 488070, 478527,      0,      0, 492501, 473415, 692910,      0,C. Oak Creek Wards 16171819
 410,1365,1266, 927472, 564770, 422590, 497629, 483148, 499704, 606635, 497630, 498019, 507898, 477093, 481832, 497630, 503159, 474723, 606635,      0,V. River Hills Wards 123
 411,1912,1693, 885460, 570584, 406379, 549320, 385705, 496463, 698759, 385705, 494057, 549320, 385705,      0,      0, 698759,      0, 689899,      0,C. St. Francis Wards 1234
 412,2000,1823, 911500, 573230, 407021, 530992, 393307, 496998, 698299, 393307, 494259, 530992, 393307,      0,      0, 698299,      0, 693362,      0,C. St. Francis Wards 5678
 413,2381,2209, 927761, 620190, 365323, 575373, 363060, 495395, 718424, 363060, 493175, 575373, 363060,      0,      0, 718424,      0, 697600,      0,C. St. Francis Wards 910111
 414,3902,3519, 901845, 810173, 172208, 764137, 183574, 485738, 784313, 183574, 485478, 764137, 183574, 761295,      0, 784313,      0, 773231,      0,V. Shorewood Wards 1234
 415,3266,2944, 901408, 835597, 147758, 772418, 175271, 485168, 798913, 175271, 484830, 772418, 175271, 768342,      0, 798913,      0, 790081,      0,V. Shorewood Wards 5678
 416,3131,2853, 911210, 837364, 146862, 792148, 161934, 484124, 806168, 161934, 483948, 792148, 161934, 786540,      0, 806168,      0, 797055,      0,V. Shorewood Wards 9101112
 417,3080,2830, 918831, 530742, 442402, 497703, 452826, 499055, 653710, 478091, 496871, 498233, 427561,      0,      0, 497173, 478091, 653710,      0,C. So. Milw. Wards 1234
 418,2767,2471, 893024, 501821, 477134, 472278, 471468, 499982, 662484, 495750, 497100, 473087, 447187,      0,      0, 471469, 495750, 662484,      0,C. So. Milw. Wards 5678
 419,3418,3159, 924224, 488445, 496992, 447926, 513928, 501374, 635960, 537828, 498324, 452358, 490028,      0,      0, 443494, 537828, 635960,      0,C. So. Milw. Wards 9101112
 420,3073,2766, 900097, 489515, 486261, 468727, 482646, 500292, 663774, 501084, 497188, 466377, 464208,      0,      0, 471077, 501084, 663774,      0,C. So. Milw. Wards 13141516
 421,1418,1314, 926657, 711567, 267884, 675037, 303652, 492011, 739726, 305936, 491170, 676560, 301369,      0,      0, 673515, 305936, 739726,      0,City of Wauwatosa Ward 1
 422,1451,1328, 915230, 757530, 224397, 726656, 249623, 489314, 786144, 256777, 488810, 722138, 256777,      0,      0, 731174, 242469, 786144,      0,City of Wauwatosa Ward 2
 423,1572,1407, 895038, 697228, 285003, 657071, 323027, 492899, 741293, 326226, 491791, 664534, 319829,      0,      0, 649609, 326226, 741293,      0,City of Wauwatosa Ward 3
 424,2060,1900, 922330, 665263, 310000, 623946, 354999, 494360, 737368, 356842, 492742, 626315, 356842,      0,      0, 621578, 353157, 737368,      0,City of Wauwatosa Ward 4
 425,1260,1101, 873809, 678474, 302452, 638964, 334695, 493533, 753860, 336966, 491947, 639418, 336966,      0,      0, 638510, 332425, 753860,      0,City of Wauwatosa Ward 5
 426,1158,1027, 886873, 713729, 259980, 679162, 296981, 491728, 749756, 299902, 490837, 681596, 294060,      0,      0, 676728, 299902, 749756,      0,City of Wauwatosa Ward 6
 427,1716,1566, 912587, 650063, 325031, 608237, 368135, 494978, 731800, 370370, 493189, 613026, 365900,      0,      0, 603448, 370370, 731800,      0,City of Wauwatosa Ward 7
 428, 824, 699, 848300, 592274, 394849, 530042, 429184, 497889, 696709, 432045, 495221, 529327, 432045,      0,      0, 530758, 426323, 696709,      0,City of Wauwatosa Ward 8
 429,1624,1448, 891625, 540745, 435773, 518300, 458908, 498782, 674033, 466160, 496312, 524171, 451657,      0,      0, 512430, 466160, 674033,      0,City of Wauwatosa Ward 9
 430,1555,1427, 917684, 707077, 265592, 666432, 308339, 492292, 772950, 308339, 490809, 667834, 308339,      0,      0, 665031, 308339, 772950,      0,City of Wauwatosa Ward 10
 431,1485,1339, 901683, 703510, 276325, 673636, 301717, 491967, 743838, 305451, 491099, 682598, 297983,      0,      0, 664675, 305451, 743838,      0,City of Wauwatosa Ward 11
 432,1710,1586, 927485, 636191, 340479, 593946, 386191, 495695, 709331, 387767, 493960, 597730, 384615,      0,      0, 590163, 387767, 709331,      0,City of Wauwatosa Ward 12
 433, 821, 738, 898903, 728997, 237127, 683603, 283874, 491211, 772357, 284552, 490014, 685636, 283197,      0,      0, 681571, 284552, 772357,      0,City of Wauwatosa Ward 13
 434,1540,1388, 901298, 734149, 239913, 718299, 266210, 490073, 768731, 269452, 489516, 711815, 269452,      0,      0, 724783, 262968, 768731,      0,City of Wauwatosa Ward 14
 435,1631,1490, 913549, 757046, 218120, 740268, 245972, 488982, 808053, 250335, 488281, 736241, 250335,      0,      0, 744295, 241610, 808053,      0,City of Wauwatosa Ward 15
 436,1714,1595, 930571, 662068, 306583, 619435, 365517, 494725, 724137, 366144, 493180, 620689, 364890,      0,      0, 618181, 366144, 724137,      0,City of Wauwatosa Ward 16
 437,1454,1357, 933287, 586588, 388356, 522475, 464995, 498834, 682387, 477523, 496430, 535003, 452468,      0,      0, 509948, 477523, 682387,      0,City of Wauwatosa Ward 17
 438,1283,1138, 886983, 664323, 324253, 623462, 354569, 494356, 724956, 356766, 492909, 625659, 352372,      0,      0, 621265, 356766, 724956,      0,City of Wauwatosa Ward 18
 439,1435,1317, 917770, 634776, 345482, 604403, 370538, 495107, 719058, 371298, 493390, 605163, 369779,      0,      0, 603644, 371298, 719058,      0,City of Wauwatosa Ward 19
 440,1886,1721, 912513, 579895, 398605, 545612, 433177, 497692, 718187, 434049, 494964, 548518, 434049,      0,      0, 542707, 432306, 718187,      0,City of Wauwatosa Ward 20
 441,1295,1170, 903474, 583760, 392307, 549999, 423931, 497396, 682051, 424786, 495264, 550427, 423076,      0,      0, 549572, 424786, 682051,      0,City of Wauwatosa Ward 21
 442,1457,1382, 948524, 621562, 350217, 596237, 383863, 495596, 706946, 388567, 494015, 598408, 379160,      0,      0, 594066, 388567, 706946,      0,City of Wauwatosa Ward 22
 443,1333,1219, 914478, 547990, 425758, 525430, 449548, 498440, 676784, 456931, 496071, 529942, 442165,      0,      0, 520918, 456931, 676784,      0,City of Wauwatosa Ward 23
 444,1213,1063, 876339, 660395, 317968, 599717, 347600, 494545, 717779, 350893, 492843, 612417, 344308, 704609,      0, 587017, 350893, 717779,      0,City of Wauwatosa Ward 24
 445,1097, 878, 800364, 628701, 343963, 595671, 371298, 495273, 698177, 371298, 493685, 595671, 371298,      0,      0, 698177,      0, 697038,      0,City of West Allis Ward 1
 446,1475,1223, 829152, 684382, 298446, 659852, 313982, 492573, 763695, 313982, 491111, 659852, 313982,      0,      0, 763695,      0, 753883,      0,City of West Allis Ward 2
 447,1039, 829, 797882, 629674, 337756, 612786, 351025, 494428, 723763, 351025, 492763, 612786, 351025,      0,      0, 723763,      0, 722557,      0,City of West Allis Ward 3
 448,1476,1226, 830623, 582381, 398042, 563621, 406199, 496724, 686786, 406199, 494748, 563621, 406199,      0,      0, 686786,      0, 677814,      0,City of West Allis Ward 4
 449,1209,1001, 827956, 584415, 400599, 564435, 399600, 496546, 686313, 399600, 494591, 564435, 399600,      0,      0, 686313,      0, 676323,      0,City of West Allis Ward 5
 450,1173, 922, 786018, 531453, 432754, 523318, 444143, 498359, 689804, 445770, 495633, 519522, 445770,      0,      0, 527114, 442516, 689804,      0,City of West Allis Ward 6
 451,1414,1180, 834512, 572033, 398305, 542372, 428389, 497640, 713559, 435593, 495064, 550000, 421186,      0,      0, 534745, 435593, 713559,      0,City of West Allis Ward 7
 452,1183, 932, 787827, 606223, 361587, 577253, 387338, 496010, 737124, 389484, 493620, 578326, 385193,      0,      0, 576180, 389484, 737124,      0,City of West Allis Ward 8
 453,1541,1285, 833874, 571984, 407003, 546303, 433852, 497695, 707392, 445136, 495367, 556420, 422568,      0,      0, 536186, 445136, 707392,      0,City of West Allis Ward 9
 454,1365,1109, 812454, 605049, 373309, 584310, 385031, 495828, 700631, 385031, 494013, 584310, 385031,      0,      0, 693417,      0, 700631,      0,City of West Allis Ward 10
 455,1622,1406, 866831, 499288, 482930, 483996, 491465, 500153, 684210, 497155, 496806, 478662, 497155,      0,      0, 489331, 485775, 684210,      0,City of West Allis Ward 11
 456,1456,1267, 870192, 459352, 523283, 440409, 522888, 501716, 619573, 528808, 498415, 438831, 528808,      0,      0, 441988, 516969, 619573,      0,City of West Allis Ward 12
 457,1904,1719, 902836, 490401, 482257, 459860, 508434, 501004, 655031, 517742, 497647, 470622, 499127,      0,      0, 449098, 517742, 655031,      0,City of West Allis Ward 13
 458,1140, 910, 798245, 583516, 390109, 552197, 415933, 497166, 700000, 419780, 494886, 557142, 412087,      0,      0, 547252, 419780, 700000,      0,City of West Allis Ward 14
 459,1195, 988, 826778, 533400, 438259, 496963, 463056, 499293, 657894, 474696, 496736, 508097, 451417,      0,      0, 485829, 474696, 657894,      0,City of West Allis Ward 15
 460,1167,1000, 856898, 496000, 473000, 473000, 496500, 500484, 657000, 503000, 497329, 479000, 490000,      0,      0, 467000, 503000, 657000,      0,City of West Allis Ward 16
 461,1574,1350, 857687, 503703, 474814, 478888, 492221, 500274, 683703, 505925, 496988, 491851, 478518,      0,      0, 465925, 505925, 683703,      0,City of West Allis Ward 17
 462,1811,1556, 859193, 484575, 495501, 465938, 511567, 500934, 641388, 512853, 497763, 467866, 510282,      0,      0, 464010, 512853, 641388,      0,City of West Allis Ward 18
 463,1646,1418, 861482, 519040, 457686, 483427, 484132, 500014, 659379, 491537, 497062, 492242, 476727,      0,      0, 474612, 491537, 659379,      0,City of West Allis Ward 19
 464,1172,1028, 877133, 543774, 440661, 533073, 432879, 497917, 672178, 432879, 495599, 533073, 432879,      0,      0, 672178,      0, 672178,      0,City of West Allis Ward 20
 465,1504,1279, 850398, 534010, 447224, 507818, 457388, 498954, 677873, 468334, 496302, 517591, 446442,      0,      0, 498045, 468334, 677873,      0,City of West Allis Ward 21
 466,1231, 992, 805848, 570564, 413306, 526209, 445564, 498336, 699596, 460685, 495822, 542338, 430443,      0,      0, 510080, 460685, 699596,      0,City of West Allis Ward 22
 467,1648,1441, 874393, 476058, 506592, 446217, 524635, 501618, 645385, 536433, 498150, 458709, 512838,      0,      0, 433726, 536433, 645385,      0,City of West Allis Ward 23
 468,1096, 924, 843065, 597402, 386363, 568722, 407467, 496665, 722943, 413419, 494411, 571428, 401515,      0,      0, 566017, 413419, 722943,      0,City of West Allis Ward 24
 469,1517,1372, 904416, 476676, 500000, 444241, 529882, 501762, 626093, 548833, 498682, 462099, 510932,      0,      0, 426384, 548833, 626093,      0,City of West Allis Ward 25
 470, 977, 784, 802456, 661989, 317602, 636479, 280612, 491810, 696428, 280612, 490910, 636479, 280612,      0,      0, 696428,      0, 676020,      0,V. West Milwaukee Wards 125
 471,1048, 921, 878816, 663409, 314875, 618892, 306188, 492962, 735070, 306188, 491242, 618892, 306188,      0,      0, 735070,      0, 711183,      0,V. West Milwaukee Wards 346
 472,1753,1630, 929834, 640490, 337423, 547238, 421472, 497388, 685889, 433742, 495417, 539877, 421472, 540490, 433742, 561349, 409202, 685889,      0,V. Whitefish Bay Wards 12
 473,1642,1518, 924482, 693017, 287878, 609573, 357707, 494669, 698287, 365612, 493529, 604743, 350461, 606060, 365612, 617918, 357048, 698287,      0,V. Whitefish Bay Wards 34
 474,1849,1678, 907517, 684147, 298569, 600317, 370083, 495162, 685339, 384386, 494217, 590584, 364719, 593563, 384386, 616805, 361144, 685339,      0,V. Whitefish Bay Wards 56
 475, 919, 837, 910772, 733572, 248506, 667861, 300278, 492006, 737156, 307048, 491242, 669056, 291517, 663082, 307048, 671445, 302270, 737156,      0,V. Whitefish Bay Ward 7
 476,2031,1847, 909404, 727666, 261505, 658544, 313841, 492588, 726583, 325933, 491983, 648077, 307525, 656199, 325933, 671358, 308067, 726583,      0,V. Whitefish Bay Wards 810
 477,1807,1619, 895960, 747992, 233477, 693225, 277949, 490860, 764669, 292773, 490399, 686843, 269302, 687461, 292773, 705373, 271772, 764669,      0,V. Whitefish Bay Wards 911
 478,1068, 998, 934456, 668336, 310621, 586506, 380427, 495671, 669338, 397795, 494796, 577154, 382765, 571142, 397795, 611222, 360721, 669338,      0,V. Whitefish Bay Ward 12
